user_id,total_points,current_login_streak,longest_login_streak,current_course_streak,current_quiz_streak,streak_freeze_tokens
1,206,8,17,0,0,0
2,359,5,11,4,3,0
3,368,7,14,2,9,0
4,313,7,13,1,2,2
5,416,7,16,2,8,2
6,600,8,14,0,1,3
7,710,6,12,4,2,0
8,664,4,12,3,9,2
9,650,6,22,2,1,2
10,473,7,18,2,6,3
11,195,5,10,2,5,3
13,460,11,15,2,4,2
14,374,4,15,3,0,2
15,70,5,20,0,7,1
16,204,10,13,4,3,3
17,277,8,18,1,7,2
18,669,9,12,4,4,2
19,774,7,19,4,9,1
20,342,9,13,0,3,0
21,458,5,15,3,5,3
22,140,8,20,0,4,3
23,648,8,14,2,10,1
25,529,2,23,4,1,2
26,743,9,11,0,1,1
27,1021,4,14,0,3,0
28,150,3,17,1,1,2
29,626,10,10,5,2,1
30,602,13,21,5,6,0
31,944,6,15,1,8,1
32,900,5,19,3,7,1
33,342,9,13,4,6,3
34,524,7,18,3,3,2
35,684,3,18,1,7,2
36,647,5,12,1,10,1
37,381,3,13,5,9,1
38,622,8,12,4,9,0
39,63,4,26,3,8,3
40,93,12,16,4,9,1
41,484,5,7,0,0,2
42,31,8,14,5,3,1
43,358,6,16,5,10,1
44,217,7,17,4,10,3
45,1200,9,21,3,3,0
46,610,5,11,2,1,0
47,395,10,12,3,0,2
48,135,11,16,2,8,2
49,319,8,14,2,2,0
50,576,6,15,4,5,1
52,600,12,17,4,4,2
53,611,6,16,5,4,0
54,422,11,13,0,5,2
55,513,3,13,4,4,0
56,522,5,18,3,6,2
57,763,5,20,5,1,1
58,233,4,14,2,6,0
59,498,3,13,0,7,3
60,344,12,14,0,0,1
61,639,4,18,4,10,2
63,332,5,16,0,4,1
64,371,2,16,5,2,1
66,1064,5,15,1,3,2
68,206,7,16,2,2,2
69,910,3,14,0,10,0
70,982,7,14,0,10,0
71,326,6,10,2,4,3
72,470,6,10,2,1,1
73,827,5,9,5,8,3
74,902,13,16,2,0,1
75,405,11,13,2,8,0
76,663,7,14,3,5,2
78,344,10,17,2,6,1
79,49,8,15,2,0,1
80,450,4,22,2,2,0
82,611,9,13,4,2,3
83,599,5,15,2,3,0
86,480,7,11,4,5,0
87,382,4,16,2,4,1
90,150,5,12,2,3,0
91,436,8,10,3,6,3
93,478,6,11,1,1,0
94,710,6,11,1,9,2
95,150,7,11,1,8,3
96,606,11,18,0,8,3
97,439,12,12,4,8,3
98,332,6,16,1,3,3
99,987,10,17,1,5,3
100,363,8,15,4,2,0
101,382,13,13,5,4,0
102,633,5,17,1,0,2
103,538,6,8,1,7,2
104,497,10,13,1,0,2
105,783,4,19,0,10,2
106,612,5,12,3,0,1
107,630,11,13,5,1,1
108,342,5,13,3,7,0
110,343,10,11,0,10,3
111,839,9,20,4,4,3
112,378,8,15,3,1,0
114,62,6,11,3,0,3
115,339,6,10,5,4,2
116,265,6,14,0,2,3
117,462,8,15,5,10,3
119,750,5,16,2,1,0
120,212,2,16,0,3,1
121,405,7,17,1,8,3
122,957,8,17,4,0,1
124,238,6,17,2,4,1
125,626,7,14,4,8,3
126,530,8,10,5,4,2
127,342,6,15,3,8,0
128,640,3,10,0,1,0
129,757,7,13,2,10,1
130,453,2,10,5,5,1
132,198,9,11,3,10,0
134,338,4,12,5,7,1
135,183,9,18,4,7,3
139,360,4,14,1,0,3
140,655,8,21,3,6,3
141,515,10,10,1,0,2
142,327,2,14,5,4,1
143,586,8,23,0,6,0
144,797,6,11,1,1,2
145,764,7,17,5,6,2
146,545,7,21,5,4,1
147,392,9,13,1,6,2
149,801,10,15,4,1,3
150,398,8,22,0,8,1
151,150,7,15,2,0,0
153,357,5,13,4,1,1
154,45,6,16,1,10,1
155,206,6,21,4,1,0
156,619,8,12,0,6,1
157,157,9,15,2,9,3
159,342,6,12,4,5,1
160,628,10,16,2,3,0
161,898,5,9,5,4,1
162,757,12,14,0,3,0
163,878,3,13,4,0,2
165,247,6,20,5,1,1
166,315,6,10,5,1,3
168,455,8,18,1,5,1
169,352,7,12,1,10,2
170,174,8,10,1,7,0
171,506,9,16,3,8,3
173,355,7,17,0,3,0
174,202,6,17,4,10,3
176,187,8,16,0,9,2
177,164,5,18,0,2,1
179,451,8,16,2,4,0
180,698,8,20,5,1,2
182,620,6,18,1,10,3
183,368,6,13,0,7,1
184,823,16,19,1,0,0
185,445,5,17,5,5,3
186,22,6,13,0,6,3
187,362,11,11,1,7,0
188,634,6,16,3,0,2
189,300,6,24,0,9,1
190,544,4,15,5,2,0
191,155,8,15,4,8,1
192,789,5,14,3,9,1
193,387,6,14,5,10,2
194,1218,5,16,0,0,3
195,349,7,19,5,0,1
196,414,7,12,3,10,0
197,338,13,14,1,10,3
198,162,10,18,4,6,3
200,286,4,17,0,1,1
201,641,6,14,5,1,3
202,821,5,15,5,6,2
203,647,7,9,3,0,2
204,616,8,13,1,3,3
205,603,5,6,5,1,0
207,338,7,14,4,2,3
208,754,4,12,5,4,0
209,176,9,14,0,10,3
210,506,5,21,5,6,2
211,236,6,17,4,4,2
212,460,7,19,1,4,0
213,167,5,19,4,4,0
214,654,6,17,4,3,2
215,403,8,15,4,9,0
217,637,5,14,3,4,0
218,618,6,13,1,6,1
219,558,13,20,5,4,0
220,150,5,13,4,6,1
221,225,6,12,1,8,1
222,402,10,12,1,5,0
223,376,10,20,2,9,3
224,513,2,17,5,4,3
225,207,9,12,2,2,0
228,465,9,13,4,2,2
230,450,12,12,5,9,3
231,193,7,11,5,2,1
232,329,12,22,1,3,2
233,681,11,18,5,9,1
234,717,8,19,3,10,2
235,239,8,20,5,5,1
237,464,7,13,2,3,1
238,340,10,15,5,6,0
239,460,9,21,0,3,1
242,497,8,18,5,3,1
243,165,9,17,1,3,2
244,160,7,16,5,3,2
245,503,10,10,1,4,0
247,496,4,15,4,6,2
248,300,10,20,3,4,3
249,518,6,9,3,9,0
250,485,6,15,2,6,2
251,530,5,13,2,2,2
252,618,8,17,5,7,0
253,992,6,14,5,7,2
254,395,10,14,3,2,3
255,353,9,13,0,0,2
256,309,12,12,3,3,0
257,515,6,14,3,0,3
258,519,12,17,4,0,1
259,609,12,14,1,4,0
260,357,4,13,4,5,0
261,101,13,19,5,2,0
262,300,9,9,5,5,3
263,27,8,11,3,0,1
265,338,10,16,0,9,1
267,648,5,16,4,3,2
268,17,4,5,0,9,1
269,795,6,16,4,3,2
273,468,6,11,5,3,3
274,803,5,17,2,9,3
275,339,6,19,4,0,3
277,490,9,14,4,2,2
278,639,10,16,4,2,1
279,705,6,18,5,3,0
280,355,6,15,4,1,2
281,785,9,10,1,8,3
283,608,6,16,2,8,0
284,416,4,16,0,4,2
285,522,8,19,0,2,0
286,558,1,14,1,4,0
287,188,9,14,0,8,1
288,473,9,21,5,4,3
289,656,10,18,4,5,3
290,415,9,13,4,4,3
291,242,5,17,5,1,0
292,831,10,20,5,0,1
293,174,6,20,2,9,2
294,216,9,10,3,8,1
295,229,6,11,3,4,2
296,670,3,14,5,10,0
297,338,11,15,0,3,1
299,635,8,17,0,10,0
301,676,6,12,0,5,1
302,366,10,15,4,4,2
303,754,1,13,2,6,3
304,157,3,7,0,4,1
305,503,10,14,4,8,2
306,1074,3,11,4,1,3
307,220,6,7,5,4,3
308,465,15,23,5,3,3
309,538,4,21,1,7,0
310,173,4,20,2,4,1
311,515,6,16,3,5,1
312,661,5,13,5,8,1
313,518,5,14,2,6,0
314,807,6,18,4,6,1
315,450,11,16,3,4,1
316,175,3,16,2,1,2
318,481,6,12,5,2,2
319,474,11,11,5,9,2
320,758,9,13,1,2,2
321,719,4,13,5,10,3
322,319,4,12,1,10,2
323,507,8,13,4,7,1
324,239,5,12,3,10,2
325,771,10,20,1,7,0
326,486,11,17,3,7,1
327,357,6,19,4,0,3
328,46,11,15,3,5,0
329,332,8,9,0,8,2
330,269,7,12,4,6,3
331,376,9,12,3,0,0
332,173,10,18,2,4,2
334,553,4,15,1,6,1
336,441,3,22,1,8,3
337,408,7,18,5,0,3
339,416,9,15,2,10,0
340,195,6,11,0,6,3
341,926,4,16,4,9,2
344,359,10,15,2,5,1
345,574,10,16,5,0,1
346,792,4,10,1,8,0
347,756,3,14,2,0,3
348,310,9,11,3,2,0
350,404,10,10,2,6,1
352,435,8,13,0,9,1
353,546,14,23,3,3,2
354,529,9,20,2,5,3
355,478,5,18,5,9,3
356,0,12,12,2,8,1
357,340,4,20,4,9,2
358,180,5,9,4,10,2
360,1150,2,19,4,3,0
361,698,3,9,0,4,0
363,684,7,15,1,7,0
364,371,3,12,4,10,3
365,262,9,12,4,10,0
366,637,4,17,4,5,0
367,450,5,12,4,7,0
370,521,10,16,2,3,2
371,300,5,11,3,7,2
372,436,3,18,1,7,1
373,1208,10,10,3,2,1
374,237,3,14,1,7,0
376,782,9,14,0,9,3
377,1048,6,11,3,3,0
378,353,4,10,4,6,0
379,1014,5,17,2,5,1
380,311,6,16,4,7,0
381,197,4,12,1,5,1
382,249,7,14,5,5,2
383,361,6,11,3,1,1
385,229,9,19,0,8,0
386,417,4,8,1,10,3
388,813,8,17,5,10,1
389,616,10,10,3,10,0
390,774,5,17,1,9,0
391,503,1,10,3,2,0
392,1008,10,18,1,8,0
393,293,9,17,0,2,2
394,1094,8,11,4,6,3
395,42,6,10,4,1,3
397,500,4,11,1,0,1
398,211,8,16,4,2,3
399,186,4,18,3,9,0
401,468,5,14,3,7,2
402,923,4,16,4,10,1
403,201,6,10,1,6,0
405,485,9,17,5,4,2
406,526,3,22,1,10,0
407,359,9,12,4,9,0
408,817,4,18,4,7,1
409,414,3,16,4,6,0
410,348,9,15,1,3,3
412,313,5,13,1,7,3
414,191,6,14,2,6,1
415,490,3,17,1,3,0
416,505,4,16,2,9,2
418,636,6,16,4,0,0
419,200,7,15,2,4,2
420,15,5,15,2,4,1
421,658,14,19,5,1,1
422,523,5,12,0,5,2
423,177,5,15,1,9,1
424,788,4,24,3,9,3
425,378,7,14,4,1,3
426,626,10,10,3,5,2
427,649,8,18,4,10,1
428,474,4,18,5,7,0
429,47,7,15,3,8,0
430,462,9,19,1,8,1
431,355,4,12,2,6,2
432,528,11,13,2,7,2
433,150,9,18,1,4,1
434,206,10,17,5,10,3
435,232,9,14,2,8,3
437,380,3,14,5,3,2
439,167,12,14,1,5,0
440,679,11,32,5,9,3
441,549,7,16,2,6,3
442,202,10,10,3,10,1
443,658,7,22,1,3,1
444,387,6,20,5,5,1
445,331,10,18,2,5,3
446,458,3,18,2,10,0
447,486,8,14,4,2,0
448,381,8,13,4,9,3
449,450,3,17,1,4,0
450,842,4,15,4,5,3
452,66,15,15,0,2,0
454,150,11,15,4,6,3
455,150,6,10,2,0,0
456,498,9,14,0,5,3
457,818,13,13,2,0,2
458,692,8,9,1,2,2
459,160,6,15,5,4,3
460,1215,7,10,2,4,2
461,351,8,20,1,7,2
462,172,11,25,3,7,2
463,780,5,18,0,0,2
464,809,9,11,1,4,0
465,616,9,17,2,2,3
466,471,13,24,5,7,0
467,450,3,26,1,10,2
468,388,11,18,0,1,2
469,798,12,14,5,6,1
470,376,5,10,1,4,0
471,467,4,17,4,5,0
472,665,5,11,0,9,0
473,169,2,20,2,7,0
475,523,3,15,2,6,3
477,168,14,18,1,2,1
478,367,9,12,4,6,2
479,1156,3,17,1,9,2
480,936,5,12,3,10,0
482,164,5,19,5,8,1
483,839,14,14,4,1,2
484,502,10,16,1,9,2
487,458,7,19,4,6,0
488,679,7,17,4,7,2
490,273,6,12,4,9,3
491,249,7,14,1,5,0
492,236,9,17,5,3,0
493,235,10,14,4,5,0
494,338,7,10,1,5,1
495,690,6,8,4,4,0
496,514,9,17,2,1,0
497,300,9,15,2,7,3
498,258,9,13,0,10,0
499,195,6,19,5,2,2
500,117,6,8,1,9,3
501,312,11,21,2,1,2
502,300,4,10,2,4,2
503,96,9,13,1,0,3
504,712,7,11,4,5,0
506,234,9,9,0,2,0
507,302,8,14,0,8,1
509,400,2,12,5,4,2
510,781,6,16,0,7,3
511,574,5,11,1,2,1
512,678,9,11,2,8,3
513,797,15,17,2,9,1
514,46,4,14,3,1,2
515,61,7,18,5,5,0
516,159,9,23,2,2,1
517,477,6,20,2,10,0
518,600,11,14,1,5,1
519,566,6,19,4,4,3
520,622,5,14,0,5,2
521,458,6,17,3,8,1
522,164,6,20,4,1,3
523,628,9,15,0,1,3
524,474,8,13,4,7,3
525,357,10,10,4,2,3
526,171,7,11,1,9,3
527,1075,9,17,4,10,3
528,319,4,16,2,1,3
530,427,7,14,3,1,2
531,377,7,18,5,8,3
532,681,8,13,1,5,1
533,143,6,8,4,2,2
535,191,5,13,3,10,1
536,844,7,17,2,10,1
537,735,9,10,0,0,3
538,62,7,7,4,9,0
539,348,8,12,0,8,1
540,318,9,10,2,5,3
541,564,6,21,4,7,3
543,619,9,25,1,2,2
544,669,5,18,5,8,3
545,628,6,10,2,6,0
546,813,5,16,4,6,0
548,300,5,25,4,4,0
549,455,5,15,1,6,0
550,864,11,12,0,5,0
551,663,8,14,1,6,3
552,450,5,25,1,3,3
553,804,6,17,4,1,0
554,404,10,23,1,8,0
557,335,4,20,3,5,3
559,177,9,15,1,3,3
560,369,3,10,0,3,2
561,251,6,21,0,10,2
562,965,2,18,1,9,2
564,654,6,12,3,6,2
565,450,6,16,4,3,0
566,819,7,19,1,0,3
568,492,7,16,3,10,0
569,37,6,22,3,5,0
570,134,8,17,2,4,3
571,529,3,12,0,9,3
572,0,8,16,0,9,2
573,674,8,15,4,2,2
574,806,7,13,4,7,2
575,359,9,16,1,9,3
576,924,12,15,0,0,0
577,453,8,16,4,9,0
578,17,8,16,2,2,1
579,516,5,12,1,8,3
580,347,8,21,3,8,1
581,334,8,15,0,4,3
582,616,6,10,2,9,1
583,670,8,12,5,6,2
584,450,5,14,5,1,2
585,1050,8,11,1,2,0
586,615,4,19,4,0,3
587,775,6,15,1,9,3
588,355,6,17,3,6,2
589,349,6,12,3,7,3
590,226,5,20,0,0,0
591,300,7,16,0,3,0
593,240,7,10,5,7,0
594,52,9,14,1,10,2
595,672,8,18,3,8,2
597,490,9,13,5,0,1
598,900,7,17,1,1,1
599,995,10,17,0,3,2
600,505,4,21,4,2,0
602,171,6,15,4,10,2
603,339,11,18,1,4,3
604,109,4,14,2,6,3
605,1076,6,15,1,0,0
607,343,11,19,2,1,1
608,630,4,15,2,0,2
609,310,3,15,3,9,2
612,63,6,17,5,0,2
613,1129,7,11,2,4,3
614,176,7,23,2,0,3
615,379,3,13,3,1,0
616,667,10,17,4,9,2
618,322,10,16,5,7,0
620,497,10,12,3,2,1
621,300,8,18,1,6,3
622,379,9,9,0,4,1
623,722,12,16,4,8,0
624,418,6,16,3,8,2
625,212,7,14,3,10,2
626,312,11,18,0,1,2
627,376,5,12,0,4,0
629,354,9,16,1,9,3
630,587,5,14,0,2,3
631,797,6,16,2,5,2
632,486,8,9,4,10,3
633,822,9,16,1,5,3
634,653,5,15,5,6,0
635,318,6,19,4,3,1
636,700,7,13,5,8,0
637,195,5,15,2,9,0
639,327,5,19,5,4,3
640,480,10,11,1,7,2
641,339,15,15,0,3,1
642,801,7,14,0,8,3
643,261,6,17,5,6,1
644,270,8,17,3,8,3
645,58,5,14,0,10,2
646,397,5,17,2,6,2
647,214,9,22,3,9,1
648,158,7,19,2,3,0
649,244,8,13,4,7,2
650,331,10,11,5,7,2
651,815,5,14,3,6,2
652,360,5,15,4,4,1
653,312,9,16,5,1,0
654,478,9,16,5,5,2
655,235,5,17,2,4,3
656,60,9,12,0,10,3
657,312,5,11,0,0,2
658,169,7,16,0,9,2
659,520,8,19,0,4,1
660,300,6,22,0,0,0
661,70,7,15,0,6,1
662,125,7,11,1,9,2
663,817,8,15,4,4,2
664,567,12,18,2,6,0
665,450,8,11,0,3,0
666,352,7,10,1,7,0
667,549,5,15,3,3,1
668,811,8,13,3,6,0
669,720,6,9,2,0,3
670,355,2,11,1,9,1
671,347,4,17,3,8,2
672,805,8,14,2,0,1
673,545,6,17,2,7,1
674,368,7,18,2,8,3
676,822,14,14,4,2,1
677,300,6,16,4,1,3
678,639,4,13,2,0,3
679,822,5,19,1,1,1
680,504,4,17,0,0,3
682,936,16,16,3,3,1
683,534,3,15,5,3,3
684,217,10,12,0,10,0
685,675,8,19,4,7,2
686,475,5,14,3,10,3
687,642,6,10,4,3,1
688,779,7,15,5,1,3
689,382,7,17,4,1,3
690,356,10,16,2,6,1
691,380,5,18,3,10,2
693,669,2,10,5,4,3
694,340,6,14,2,10,3
695,357,8,17,1,9,3
696,482,9,18,0,2,3
697,530,6,11,4,3,1
699,70,7,16,4,3,1
700,4,8,11,1,9,3
702,362,5,13,3,9,0
705,46,5,14,2,6,3
706,236,9,10,4,2,3
707,163,6,20,2,0,2
708,202,9,18,1,1,2
710,416,8,10,0,7,2
711,591,4,23,2,10,1
712,606,5,16,3,9,3
713,512,10,15,4,5,1
715,498,6,17,3,10,3
716,311,7,20,1,6,2
717,631,6,14,0,0,3
718,320,9,13,5,9,0
719,347,4,13,1,8,3
720,191,8,15,2,0,0
721,468,12,12,1,10,1
722,368,4,10,3,10,2
723,187,6,12,4,8,2
724,482,7,11,3,5,1
725,341,4,17,4,4,1
726,995,8,17,1,3,2
727,161,5,19,0,6,0
728,627,13,14,1,5,0
729,216,7,10,5,10,2
730,1088,9,11,0,0,2
731,417,6,16,4,2,3
732,99,11,13,4,1,1
733,538,7,11,1,6,3
734,210,11,14,0,10,3
735,688,4,19,2,7,0
737,358,6,14,4,2,1
738,900,8,14,4,9,1
739,1050,11,16,4,4,3
740,808,8,14,1,5,2
741,433,13,14,0,5,2
742,266,9,19,2,6,1
743,481,4,15,1,3,2
744,300,11,13,1,7,1
746,315,7,12,5,1,3
747,504,8,9,5,7,3
748,357,4,14,1,10,3
750,467,3,18,0,5,0
751,351,8,20,2,4,3
752,542,3,10,0,2,1
753,415,7,22,0,0,1
754,210,7,15,1,1,2
756,192,9,9,0,4,1
757,594,5,25,0,0,1
758,487,2,12,2,4,0
760,340,7,17,1,2,2
761,502,8,12,3,10,2
762,25,6,25,1,0,3
764,305,5,16,5,1,3
765,788,8,16,3,3,1
766,305,6,12,1,5,1
767,318,6,7,3,5,1
768,648,6,15,3,10,0
770,105,7,11,2,7,3
771,31,7,7,4,3,3
772,485,9,19,3,3,1
773,331,16,16,0,1,2
774,364,10,13,5,5,3
775,706,2,24,3,0,2
777,642,7,10,5,10,0
778,157,7,17,3,3,1
779,300,3,11,2,4,1
780,750,8,18,1,0,2
781,349,7,15,4,4,2
782,259,5,9,3,7,0
783,1029,10,11,5,0,3
784,645,6,13,4,6,1
785,398,10,14,0,1,3
786,505,6,19,1,2,0
787,8,4,15,0,1,2
788,644,10,15,0,5,0
789,489,5,15,5,8,3
790,822,6,17,1,2,2
791,19,9,15,1,8,1
792,382,11,14,0,10,1
793,378,0,19,5,5,0
794,506,7,17,0,1,1
796,318,5,13,5,10,0
797,402,5,10,3,1,3
798,853,5,14,0,1,0
800,211,7,12,1,0,2
801,161,4,17,4,8,2
802,365,8,10,5,5,3
803,456,9,15,1,7,3
804,538,8,20,2,1,3
805,426,7,14,1,3,1
807,456,5,22,2,0,2
808,385,7,16,3,1,0
809,173,6,16,2,3,1
811,808,13,19,0,7,2
812,0,8,15,1,4,1
813,168,3,18,0,2,3
814,347,9,12,0,0,1
815,379,8,16,1,6,1
816,608,7,13,3,9,1
817,172,4,11,0,3,3
819,141,7,14,1,1,1
820,645,4,19,1,9,3
822,464,8,14,3,0,3
823,489,6,28,3,3,3
824,349,6,15,5,1,0
827,1110,6,15,0,9,0
829,341,9,17,3,4,1
831,625,3,11,4,7,2
832,69,15,19,4,0,2
833,436,8,10,0,5,1
834,329,9,13,5,7,2
835,174,5,17,0,6,3
836,607,9,11,5,3,2
837,307,4,12,4,9,3
839,85,3,14,3,3,1
840,634,7,14,3,7,1
841,229,5,20,2,4,1
842,185,11,12,3,10,1
843,730,13,13,0,8,1
845,430,3,15,0,2,0
846,832,7,16,1,1,3
847,463,5,21,2,9,2
848,474,7,22,1,1,3
849,609,10,21,2,3,2
850,696,4,10,5,9,0
851,300,4,19,2,7,2
853,673,10,18,1,2,2
854,796,8,15,4,6,0
855,268,5,21,5,4,1
856,331,5,11,0,8,3
857,1149,11,13,4,7,2
859,230,5,22,2,10,3
860,277,12,12,4,6,3
861,193,3,17,0,9,2
862,179,0,17,3,0,1
863,494,5,7,5,5,3
864,778,9,11,4,3,3
865,647,7,16,4,6,2
866,330,5,15,1,10,3
867,67,4,22,2,8,3
868,332,4,11,2,10,2
869,76,7,12,4,10,2
870,450,8,16,5,1,2
871,318,4,14,5,2,0
872,492,5,12,2,8,0
873,830,6,18,2,9,0
874,1173,10,19,2,7,0
875,503,10,11,0,6,2
877,473,10,18,1,0,3
878,625,7,14,1,5,1
879,842,6,16,4,6,3
880,235,9,13,3,7,0
881,812,3,18,4,6,3
882,205,5,18,1,9,3
884,345,6,17,3,7,3
885,489,5,15,1,5,0
886,364,5,8,5,5,2
887,154,4,10,0,2,1
889,512,5,10,1,9,3
890,228,6,28,1,9,1
891,603,6,12,5,4,2
892,340,8,16,3,2,0
893,495,7,13,4,10,3
894,475,3,12,3,1,2
895,354,6,20,0,2,2
896,587,5,11,5,10,3
897,771,1,7,5,5,2
898,621,7,12,5,8,0
900,534,4,12,0,5,1
901,450,4,10,0,2,3
902,579,9,14,2,0,3
903,197,6,9,3,7,3
904,427,2,11,2,2,1
905,201,7,18,5,7,1
906,233,6,18,1,5,1
907,125,5,16,4,4,2
908,300,5,9,0,9,2
909,198,3,22,0,2,1
910,474,7,15,4,9,3
911,448,10,18,1,0,1
914,175,8,17,2,1,1
915,582,6,16,1,4,1
916,150,7,15,0,9,1
917,331,10,12,1,0,1
918,514,11,17,5,1,3
921,753,9,22,1,7,0
922,175,8,18,5,8,3
923,905,4,10,5,2,3
924,567,4,16,3,0,0
925,782,4,14,2,1,2
926,306,7,11,3,7,3
927,371,7,13,3,9,3
928,259,6,12,5,8,2
930,98,4,25,3,9,1
931,538,1,14,5,3,0
932,173,5,18,5,10,0
933,461,10,14,1,1,0
934,807,10,13,2,1,0
937,316,8,14,3,10,2
938,222,12,24,2,9,0
939,955,1,18,1,7,3
940,661,6,14,1,7,3
942,537,9,12,1,3,3
943,240,8,8,1,10,0
944,656,6,19,2,7,3
945,257,5,13,1,9,0
947,801,7,11,1,10,1
948,634,5,7,5,5,2
949,482,9,17,2,8,0
950,666,12,14,4,4,2
951,99,2,13,1,9,2
953,764,12,19,0,2,0
954,387,7,22,5,10,1
956,600,10,13,5,9,1
957,418,10,14,5,4,0
959,793,7,16,1,2,3
960,37,8,19,2,6,1
961,789,6,14,1,5,3
962,659,6,15,0,10,1
963,308,11,11,3,2,1
964,555,9,21,4,4,0
965,384,4,12,0,10,0
967,362,2,21,1,10,1
968,475,6,23,2,3,0
969,343,7,10,1,1,1
970,561,6,19,2,5,1
971,974,7,20,2,4,0
973,561,12,15,2,7,0
974,644,7,13,5,7,1
975,773,8,12,2,1,1
977,219,4,12,1,10,0
978,524,9,15,4,4,2
979,331,9,13,4,2,2
980,922,8,17,5,7,2
981,993,8,19,1,10,0
982,629,8,15,5,10,1
983,322,3,12,5,4,0
985,508,9,14,2,7,0
986,1006,7,19,5,2,2
987,518,7,17,4,6,0
988,403,11,12,0,1,3
990,631,15,26,1,9,2
991,900,7,18,3,10,1
992,385,8,13,4,0,1
993,226,4,10,4,7,3
995,206,5,18,5,7,2
997,936,6,19,3,6,0
998,349,8,18,0,7,2
999,165,4,17,0,5,0
1000,248,10,11,5,4,1
1001,828,9,9,1,4,0
1002,378,6,21,0,1,1
1004,511,8,17,3,8,0
1005,933,6,13,3,5,1
1006,683,5,8,0,5,1
1007,453,9,14,1,10,0
1008,14,10,14,5,1,1
1009,385,9,9,0,7,3
1010,605,12,13,4,1,0
1011,490,8,16,2,10,1
1012,454,7,12,5,6,0
1013,239,4,12,3,3,2
1014,640,11,21,0,1,0
1015,400,3,10,3,1,3
1016,45,8,18,0,3,0
1017,54,11,11,4,7,3
1018,348,8,17,5,7,1
1019,328,6,15,2,4,2
1020,743,8,24,2,7,3
1021,341,2,20,1,3,1
1022,492,5,11,5,9,0
1023,666,6,16,5,4,3
1024,325,3,7,5,8,1
1025,520,4,19,0,3,1
1027,231,6,19,4,0,3
1029,164,5,16,5,7,0
1030,661,10,20,4,3,1
1031,80,7,12,3,0,2
1032,193,10,13,0,7,1
1034,1008,5,10,0,8,0
1036,238,12,24,3,1,3
1037,71,3,12,5,8,1
1038,333,7,14,1,10,0
1039,317,5,18,0,5,3
1040,330,6,11,4,0,1
1041,251,7,8,2,8,1
1042,568,3,17,1,6,3
1043,308,9,15,1,9,1
1044,706,5,20,3,4,3
1046,754,10,19,0,7,3
1047,485,7,12,3,3,1
1049,506,6,19,5,5,0
1050,640,4,16,0,8,0
1051,600,4,18,3,1,3
1052,1003,8,18,4,10,2
1054,305,7,17,1,4,1
1055,150,2,11,5,6,2
1056,823,6,10,1,2,2
1057,827,6,15,5,5,1
1058,632,5,12,3,3,1
1059,232,6,11,1,4,2
1061,217,6,14,3,1,0
1062,541,5,22,1,9,2
1063,353,7,15,5,4,2
1064,194,5,8,1,6,0
1066,646,3,6,1,8,0
1067,600,9,12,3,1,3
1068,477,7,15,1,2,1
1069,239,7,17,1,2,2
1070,626,10,10,3,1,3
1071,337,6,14,2,2,1
1072,651,9,11,2,9,3
1073,240,5,19,1,10,0
1074,386,9,10,3,2,3
1075,305,11,12,0,0,3
1077,382,7,23,3,6,0
1078,344,4,14,3,2,2
1079,632,4,12,0,5,1
1081,300,7,18,1,0,3
1082,400,6,23,3,10,3
1083,675,5,17,4,6,0
1084,923,9,20,0,8,0
1085,403,5,15,4,8,0
1086,398,10,17,5,0,1
1087,351,6,18,2,0,0
1088,932,8,18,5,3,1
1089,343,6,20,5,4,3
1090,250,9,15,0,0,2
1091,358,6,13,0,0,0
1092,489,4,13,1,10,1
1093,346,6,19,2,7,2
1094,750,12,12,2,8,2
1096,499,5,16,4,0,2
1100,810,4,20,3,8,1
1101,343,7,17,4,5,0
1102,368,9,23,3,1,3
1103,644,8,12,4,2,0
1104,876,9,16,4,2,0
1105,197,5,8,1,10,2
1106,480,8,10,0,6,3
1107,942,6,17,0,5,1
1108,448,7,12,2,1,0
1109,484,10,14,3,1,1
1110,533,10,22,0,8,3
1111,463,4,18,4,7,2
1112,1064,3,15,1,7,1
1114,191,5,22,2,2,2
1115,348,13,20,3,4,2
1116,356,5,12,5,6,2
1117,323,5,15,0,7,0
1118,992,4,16,1,0,3
1119,561,5,7,2,5,3
1120,213,9,10,1,8,1
1121,797,5,12,4,1,1
1122,624,2,10,4,2,3
1123,806,6,17,0,8,1
1124,155,8,11,3,0,3
1125,553,13,13,1,1,1
1126,315,13,21,4,9,0
1127,196,4,15,3,6,2
1128,58,4,13,2,2,0
1129,600,3,11,2,1,0
1130,552,6,15,5,10,1
1131,823,6,12,4,1,2
1132,65,6,15,4,6,0
1133,559,6,10,1,7,2
1134,169,9,10,2,5,0
1136,388,9,12,2,1,1
1137,271,8,10,4,10,1
1138,686,6,12,5,10,0
1139,600,9,16,2,9,0
1140,223,2,13,2,7,2
1141,179,14,14,5,7,0
1142,571,6,19,1,5,1
1143,482,9,16,0,4,1
1144,1035,9,24,5,6,1
1145,849,4,8,3,3,3
1146,642,5,9,5,7,3
1148,505,9,18,1,0,2
1150,58,8,13,4,7,0
1151,39,8,13,0,5,0
1152,854,6,10,0,9,1
1153,312,6,21,1,3,1
1154,49,7,12,1,1,3
1155,332,11,11,0,10,3
1156,488,8,17,2,0,3
1157,348,9,15,3,10,3
1158,351,2,13,1,3,2
1159,425,6,14,3,4,0
1160,299,7,14,0,2,2
1161,674,8,17,3,1,1
1163,661,7,12,4,10,3
1164,531,10,16,4,7,0
1166,491,12,14,2,5,3
1167,642,4,22,2,1,3
1168,394,5,9,2,6,3
1170,306,7,15,0,2,2
1171,22,6,17,4,3,2
1172,77,7,16,5,1,0
1173,4,5,13,0,1,1
1174,372,3,12,5,10,3
1175,225,2,16,1,3,3
1176,229,11,11,1,3,1
1178,390,7,17,1,0,2
1179,318,9,14,5,1,1
1180,365,3,10,5,5,1
1181,498,8,17,2,10,2
1182,361,7,15,5,5,1
1183,568,9,14,4,8,1
1184,376,10,12,1,0,2
1185,241,5,9,0,8,0
1186,679,7,15,5,7,1
1187,496,7,16,5,5,1
1188,350,6,11,3,8,2
1189,472,6,15,4,3,2
1190,1688,5,14,3,8,2
1191,354,7,12,1,6,1
1193,482,10,17,1,3,0
1194,308,8,15,1,9,2
1195,858,5,11,0,1,2
1196,356,7,10,5,4,0
1197,593,12,23,4,2,2
1198,974,7,16,3,5,0
1199,323,7,14,5,9,1
1200,331,5,6,3,5,3
1201,193,8,12,0,3,0
1202,611,9,15,5,3,1
1203,467,5,12,1,5,0
1205,399,7,18,1,2,2
1206,225,5,16,3,5,1
1207,518,6,14,2,3,3
1208,267,6,16,0,0,2
1209,487,6,16,0,10,1
1211,495,10,15,3,1,0
1212,617,10,16,2,7,3
1214,670,5,11,3,3,0
1215,540,7,14,1,9,2
1216,658,10,14,1,0,2
1217,150,6,15,2,7,1
1218,367,0,9,4,3,0
1219,600,11,20,2,4,2
1220,581,10,15,2,4,1
1221,197,7,17,5,7,3
1222,323,9,12,3,10,3
1223,784,4,10,3,2,3
1224,466,8,14,5,10,3
1225,225,5,23,0,6,1
1226,300,9,12,4,10,3
1227,541,4,21,0,4,2
1228,171,8,13,4,0,0
1229,492,10,16,3,2,1
1230,168,10,11,4,2,3
1231,368,5,13,3,4,3
1232,688,7,15,5,3,0
1234,369,8,9,5,9,2
1235,654,2,15,2,9,3
1237,184,7,9,1,4,3
1238,690,6,13,5,3,1
1240,475,9,17,5,9,0
1241,350,10,14,1,0,0
1242,675,10,19,3,5,2
1243,450,7,14,4,5,2
1244,161,8,17,3,5,2
1245,540,7,17,0,3,0
1246,327,2,21,3,5,1
1247,502,6,17,0,0,1
1248,75,11,11,1,5,1
1249,623,4,25,5,6,2
1250,211,6,13,2,9,1
1252,338,8,20,0,4,3
1253,679,8,9,1,1,1
1254,500,5,7,1,10,3
1255,454,8,18,2,5,1
1256,113,5,10,3,1,3
1257,612,7,16,5,1,1
1259,615,8,19,0,8,2
1260,336,5,13,2,0,1
1261,784,6,13,3,1,0
1262,450,6,20,4,10,1
1263,396,8,14,5,3,2
1265,489,7,19,0,4,0
1266,104,5,14,1,3,3
1267,332,8,14,0,3,3
1269,450,6,20,3,5,3
1270,343,5,6,4,6,3
1271,162,8,16,1,6,2
1272,354,6,18,2,6,3
1273,314,13,14,0,2,0
1274,450,8,13,1,8,1
1275,691,5,17,0,2,2
1276,319,9,15,1,9,1
1277,179,11,11,5,3,2
1278,864,7,7,5,3,1
1279,362,9,15,5,9,3
1280,450,4,17,5,7,2
1281,450,7,21,0,8,1
1282,515,4,16,4,7,0
1284,46,8,14,3,4,2
1285,739,5,19,2,8,2
1286,750,5,11,4,1,3
1287,936,8,16,3,1,1
1288,686,6,20,2,0,3
1289,219,6,16,1,5,0
1290,150,8,13,3,10,0
1291,239,11,13,5,9,3
1292,349,6,23,5,2,0
1293,853,7,12,3,9,2
1294,255,5,15,1,9,2
1297,247,3,15,2,1,0
1298,772,5,16,2,5,3
1299,67,4,15,0,9,0
1300,913,7,14,5,2,0
1301,456,5,13,4,2,1
1302,190,8,17,1,3,0
1303,352,5,16,0,9,2
1304,447,11,19,3,2,2
1305,682,6,11,5,8,0
1306,518,2,21,1,2,2
1307,691,6,15,4,10,3
1308,691,3,22,5,8,1
1310,336,6,15,1,3,1
1312,492,3,11,0,10,2
1313,172,7,15,5,1,3
1314,763,15,15,0,9,2
1315,667,6,10,3,10,3
1316,208,12,15,2,7,2
1317,173,11,12,4,10,3
1318,386,3,7,1,8,3
1319,327,8,14,4,8,3
1320,180,5,15,5,9,1
1321,155,8,13,4,0,3
1322,462,9,18,1,3,2
1323,466,10,13,1,5,1
1324,837,8,16,3,2,0
1325,556,4,9,4,8,1
1327,314,8,8,1,7,3
1328,128,5,14,5,2,2
1329,514,4,19,1,2,0
1330,319,8,18,0,3,2
1331,54,4,21,3,6,0
1332,99,11,16,4,6,3
1333,182,12,15,2,9,2
1334,494,3,19,3,2,0
1335,486,9,15,0,10,0
1336,310,8,18,3,2,3
1337,473,11,22,1,0,3
1338,169,9,17,0,8,1
1339,669,7,12,0,10,3
1341,532,7,15,4,10,2
1342,330,10,13,2,6,0
1343,527,3,13,0,3,2
1344,380,3,17,2,2,2
1345,672,4,22,0,7,2
1347,264,7,14,4,3,1
1348,311,6,14,2,2,3
1349,375,7,18,3,2,3
1350,280,2,18,4,1,2
1352,1257,10,10,4,0,3
1353,322,8,14,1,2,1
1355,161,11,14,3,5,1
1356,300,7,10,4,8,1
1357,39,6,15,3,9,1
1358,502,4,8,4,3,1
1359,337,8,14,5,10,3
1360,692,12,16,2,9,1
1361,278,8,20,4,5,1
1362,373,4,8,0,3,3
1363,709,13,13,1,3,0
1364,796,10,23,0,7,1
1365,968,6,20,2,7,2
1366,558,4,11,3,0,0
1367,505,8,12,5,2,0
1368,1023,1,11,4,8,2
1369,160,8,18,4,0,2
1370,424,12,17,5,3,2
1371,537,6,14,5,7,0
1372,313,6,17,1,2,2
1374,465,9,19,2,7,1
1375,681,6,13,3,2,1
1376,641,7,26,4,2,2
1377,863,5,19,5,10,0
1378,522,4,16,0,2,2
1379,279,10,10,1,3,0
1380,278,4,14,5,3,1
1381,511,2,17,0,6,0
1382,473,8,15,0,10,3
1383,1084,6,14,3,2,0
1384,316,6,18,2,1,3
1385,776,8,17,5,0,2
1386,953,8,12,0,8,2
1388,86,7,12,1,7,2
1389,900,8,14,3,10,1
1390,453,7,13,2,7,2
1391,189,6,11,5,2,1
1392,450,2,18,1,8,3
1393,230,10,16,2,9,3
1394,759,4,16,4,8,1
1395,796,8,10,3,4,1
1396,334,8,18,1,10,1
1397,200,10,17,0,10,3
1399,370,9,21,1,6,1
1400,639,5,13,5,8,1
1401,456,12,17,1,8,3
1403,240,11,21,2,7,0
1404,497,6,11,4,5,1
1405,469,10,13,4,0,0
1406,176,7,15,3,7,0
1407,212,6,20,5,7,3
1408,456,4,13,1,2,1
1409,553,7,16,0,0,0
1410,617,7,15,1,8,3
1411,797,9,18,5,7,2
1413,956,6,16,4,4,0
1414,251,6,20,1,3,1
1415,316,4,18,0,3,0
1417,388,3,12,4,1,1
1418,318,5,17,0,3,3
1419,507,10,18,1,4,2
1420,347,8,10,4,4,1
1421,27,8,10,5,5,0
1422,674,3,13,4,1,1
1423,760,13,14,2,4,0
1425,177,10,18,0,7,3
1426,328,9,13,4,2,3
1427,523,8,16,5,5,3
1428,304,6,9,3,3,1
1429,265,7,7,5,2,0
1430,157,12,16,4,5,0
1431,377,7,13,1,9,1
1433,223,8,16,4,7,2
1434,614,11,13,5,3,1
1435,232,7,13,4,10,2
1436,1255,6,19,0,9,2
1437,165,6,13,4,0,2
1440,341,4,9,4,6,0
1441,176,7,11,0,3,3
1442,540,10,28,0,9,1
1443,384,7,18,2,7,0
1444,511,4,10,0,2,2
1445,771,6,16,3,8,2
1446,519,3,9,1,3,0
1447,1163,8,18,4,2,2
1448,973,11,18,5,5,3
1449,535,6,14,1,7,3
1450,846,4,16,5,9,0
1451,691,6,11,4,2,3
1453,74,9,12,1,4,1
1454,900,5,20,1,9,2
1455,610,8,17,5,4,3
1456,980,7,11,0,4,2
1457,498,6,18,1,1,2
1458,156,4,10,5,1,1
1459,409,7,16,1,8,0
1460,187,4,15,4,10,3
1461,896,5,8,0,2,1
1462,36,7,9,1,2,0
1464,196,3,19,2,4,0
1465,30,13,13,5,7,0
1466,211,7,21,0,4,0
1467,180,6,13,5,1,0
1468,367,5,9,0,4,1
1470,507,7,19,1,8,3
1471,300,9,18,0,2,2
1472,750,8,21,1,10,3
1473,827,7,15,4,0,3
1474,268,10,14,5,6,0
1475,565,7,14,2,9,1
1476,163,2,20,3,0,3
1477,697,6,23,2,1,3
1478,234,11,14,5,1,2
1479,462,4,15,0,7,3
1480,80,7,17,4,5,2
1482,900,4,8,3,7,0
1483,321,11,18,5,10,2
1484,463,8,15,2,1,3
1485,258,3,18,3,3,0
1486,753,6,15,0,5,2
1487,375,10,20,4,2,0
1488,310,5,10,2,5,3
1489,233,7,13,1,4,1
1490,171,10,16,3,9,3
1492,18,11,11,5,4,3
1493,468,8,19,3,4,0
1494,77,7,10,3,0,1
1495,75,1,5,0,1,2
1496,300,11,11,3,8,1
1497,600,11,29,2,4,2
1498,402,4,16,5,9,0
1499,115,12,17,4,5,1
1500,978,7,15,4,5,0
1501,1143,5,16,3,1,2
1502,236,8,19,1,6,1
1503,544,7,18,1,8,2
1505,499,8,17,2,2,3
1506,755,9,11,3,1,3
1507,354,3,11,0,5,0
1508,345,10,11,0,9,2
1509,57,5,17,0,5,0
1511,603,4,12,2,2,1
1512,652,5,27,2,0,3
1513,547,9,15,0,8,3
1514,39,3,18,0,4,3
1515,403,12,22,5,3,0
1516,539,10,18,1,9,2
1517,300,9,24,0,3,2
1518,795,9,14,1,8,1
1519,705,12,12,5,1,3
1520,839,5,31,0,7,2
1521,529,7,15,0,5,0
1522,325,9,19,3,3,1
1523,697,2,15,3,3,2
1525,371,7,17,2,0,0
1526,163,12,17,2,7,0
1528,304,9,23,2,0,0
1529,633,9,13,2,6,2
1530,4,5,13,4,4,2
1531,388,5,13,0,10,3
1532,207,11,23,0,3,3
1533,373,3,14,3,2,1
1534,180,9,25,4,6,1
1538,421,6,14,0,9,3
1539,367,7,17,0,4,2
1542,315,5,12,0,9,0
1543,526,6,15,4,5,0
1544,435,7,13,2,8,1
1545,300,12,17,0,0,3
1547,336,13,16,0,6,1
1548,630,4,17,2,10,2
1549,716,6,9,1,4,1
1550,704,6,14,0,9,3
1551,188,3,13,5,3,1
1552,336,7,10,0,8,2
1553,450,10,23,5,9,0
1554,778,4,14,5,10,2
1555,600,10,17,3,3,3
1556,450,6,13,2,5,2
1557,333,5,12,4,7,3
1559,535,7,9,5,2,1
1561,492,11,16,2,1,3
1562,320,9,12,3,10,1
1563,339,3,23,0,4,3
1565,337,7,13,3,2,3
1567,237,11,14,5,1,0
1568,358,6,13,3,2,1
1569,323,10,14,0,3,1
1570,606,8,13,4,2,2
1571,111,6,18,2,9,0
1572,914,10,18,3,10,0
1573,399,6,12,3,4,0
1575,387,6,13,2,5,2
1576,609,7,16,4,4,3
1577,221,5,18,0,1,2
1578,848,7,14,2,7,0
1579,563,10,12,0,2,3
1580,717,8,12,4,8,2
1581,242,5,18,1,2,1
1583,410,5,25,0,6,1
1584,484,6,11,1,4,3
1585,337,9,13,1,4,2
1587,169,6,21,3,10,3
1589,375,9,21,5,5,3
1590,458,3,12,3,2,1
1591,506,8,21,1,0,2
1592,544,8,23,3,2,1
1593,170,7,25,3,2,1
1594,750,5,26,5,6,1
1595,46,8,13,4,10,3
1596,606,8,19,3,2,3
1597,350,8,16,3,10,0
1599,298,8,15,0,0,1
1600,645,7,16,0,3,0
1601,340,5,16,5,0,1
1602,37,5,15,2,0,2
1603,1107,5,16,0,2,1
1605,351,2,12,5,8,2
1608,300,5,14,4,5,1
1609,337,8,11,1,6,3
1610,450,9,19,2,3,1
1611,470,9,16,5,6,3
1612,332,16,16,1,5,2
1613,788,8,16,4,1,3
1614,398,7,18,5,7,1
1615,329,8,17,3,7,1
1616,205,6,19,3,1,0
1617,641,7,20,3,0,2
1618,529,4,23,3,10,1
1619,263,8,16,2,5,2
1621,348,8,15,1,8,2
1622,354,8,12,3,3,2
1623,476,6,16,2,1,0
1624,300,10,11,1,0,1
1625,789,5,19,0,4,1
1626,643,7,16,1,1,3
1627,308,8,10,1,2,1
1628,380,5,17,2,5,0
1629,391,11,11,1,8,1
1630,545,2,19,3,5,0
1631,871,5,8,3,0,2
1632,300,8,16,4,9,1
1633,608,9,20,0,4,1
1635,796,8,18,0,4,0
1636,768,1,20,1,5,0
1637,501,7,18,1,5,3
1638,361,8,11,2,5,0
1639,1111,11,11,1,10,3
1640,341,7,16,1,1,1
1643,847,3,16,4,3,3
1646,819,4,13,2,10,2
1647,236,4,14,1,4,2
1648,641,8,13,5,3,2
1649,765,8,24,3,1,3
1650,0,7,15,3,0,0
1651,55,5,17,4,9,1
1652,325,10,14,5,0,0
1653,488,10,18,2,5,3
1654,750,11,15,0,1,3
1655,208,8,12,2,7,0
1656,320,9,14,0,2,3
1659,541,9,18,1,1,2
1660,789,11,19,1,0,1
1662,182,8,10,1,2,2
1663,300,10,13,1,10,0
1664,357,7,9,1,3,2
1665,340,10,15,2,1,3
1667,378,7,14,5,9,3
1668,600,7,15,1,0,3
1670,819,6,17,4,3,3
1671,320,4,14,2,9,1
1672,745,3,14,1,2,0
1673,824,5,10,2,1,3
1676,875,10,10,3,3,3
1677,450,10,18,4,0,2
1678,206,6,9,3,7,2
1679,182,9,18,2,7,2
1681,60,4,9,4,10,1
1682,358,9,19,3,4,0
1683,499,5,18,5,5,2
1684,562,5,20,4,1,2
1685,380,9,20,1,2,0
1686,250,11,11,1,9,1
1687,566,5,13,5,5,1
1689,190,6,14,5,10,3
1690,86,9,22,2,2,1
1691,528,10,17,3,6,3
1692,677,7,16,4,0,2
1693,304,6,13,0,10,1
1694,473,5,19,1,1,0
1695,675,9,10,1,5,1
1696,839,4,17,0,0,3
1697,21,11,11,2,3,0
1698,76,6,19,3,1,3
1699,174,4,15,4,6,3
1700,1012,8,11,2,0,0
1701,342,5,19,3,0,3
1702,300,7,19,4,4,2
1703,489,7,21,0,8,3
1705,639,7,16,0,4,3
1706,200,7,17,3,1,2
1707,923,5,16,5,9,2
1710,652,5,14,4,6,0
1711,237,6,19,4,1,3
1712,185,7,17,2,4,3
1713,353,4,22,5,7,3
1715,635,7,8,5,0,2
1717,344,1,17,2,9,3
1718,666,7,22,4,1,3
1719,32,8,18,0,4,3
1720,283,7,12,4,6,3
1721,20,8,12,4,6,1
1722,176,2,25,1,7,2
1723,869,4,12,4,2,3
1724,307,5,17,5,3,0
1725,335,7,7,0,8,0
1726,788,6,11,4,1,3
1727,589,4,18,0,7,3
1728,570,5,12,0,7,0
1729,348,9,15,2,1,0
1730,363,9,18,3,5,3
1731,814,8,22,4,4,1
1733,481,3,9,2,3,0
1734,946,1,15,5,6,3
1735,348,4,14,1,3,3
1736,20,12,16,0,7,2
1738,471,8,16,5,6,0
1739,224,5,15,3,2,1
1740,700,7,16,3,9,1
1741,688,11,17,5,4,0
1742,175,5,18,4,9,3
1743,344,8,10,2,0,1
1744,663,5,15,1,2,2
1745,634,7,13,5,7,1
1746,480,10,11,2,10,1
1747,450,6,18,1,5,2
1748,655,4,18,2,1,0
1749,369,12,12,1,5,2
1751,669,2,15,5,0,2
1752,323,4,10,5,1,1
1753,647,8,16,4,0,3
1755,656,4,20,5,6,0
1756,840,8,21,0,8,2
1758,510,9,9,0,1,0
1759,179,10,17,5,3,1
1760,750,4,12,4,2,2
1764,150,13,16,0,8,3
1765,450,9,13,2,7,1
1766,300,6,22,0,10,2
1767,813,7,20,0,2,0
1768,351,1,13,0,8,2
1769,387,5,14,1,4,0
1770,197,5,17,2,9,1
1771,197,10,18,5,0,2
1773,155,10,16,0,6,3
1774,321,3,7,2,9,0
1775,646,11,17,3,1,3
1776,156,6,17,5,0,2
1777,304,1,11,0,1,0
1778,355,8,16,2,9,2
1780,791,10,15,5,2,0
1781,488,9,17,2,0,1
1782,435,4,14,2,8,3
1783,407,9,17,2,6,2
1784,634,9,14,2,10,2
1785,683,11,13,1,10,0
1786,302,8,22,1,6,3
1788,520,10,13,5,10,1
1789,745,6,12,3,5,0
1790,1350,6,12,5,3,1
1791,640,7,12,0,3,3
1792,162,11,12,4,0,2
1793,655,9,21,4,1,0
1794,210,6,15,3,9,0
1795,340,10,15,1,5,0
1796,480,13,16,5,0,0
1797,655,4,14,4,0,0
1798,757,4,23,1,8,2
1799,600,8,20,3,4,0
1800,24,5,9,5,0,3
1801,189,7,14,3,3,2
1802,366,6,15,2,2,0
1804,1044,8,11,3,0,0
1805,393,7,18,3,7,3
1806,357,3,26,1,7,2
1807,268,8,13,5,2,0
1808,203,11,20,1,6,1
1809,237,8,19,3,3,0
1810,813,5,20,3,5,3
1811,306,12,15,3,2,0
1812,460,5,14,3,10,0
1813,791,5,11,2,7,3
1814,540,8,14,5,5,0
1815,450,10,14,3,3,3
1816,525,8,13,1,7,2
1817,331,5,13,1,5,2
1818,440,8,13,4,10,3
1819,496,7,17,0,2,0
1820,401,4,16,0,1,3
1821,468,8,16,5,8,2
1822,884,3,11,2,1,2
1823,532,7,15,3,7,3
1824,600,3,16,0,10,2
1825,873,5,12,3,1,1
1826,528,3,12,4,8,0
1827,1024,7,17,3,10,3
1828,484,8,16,5,7,1
1829,83,7,17,2,6,0
1830,125,12,12,3,2,3
1831,347,5,11,2,8,1
1832,387,2,13,3,4,3
1833,508,8,12,3,5,2
1834,1077,9,13,0,10,2
1835,707,6,11,4,7,0
1836,435,3,9,1,10,1
1837,799,7,21,0,8,0
1839,546,8,15,5,5,1
1840,509,8,15,2,7,0
1841,666,8,17,2,6,1
1842,354,3,14,3,4,1
1843,353,13,16,4,3,3
1844,695,3,23,2,0,0
1845,217,7,18,2,7,0
1846,608,11,13,0,2,3
1847,336,5,21,3,4,1
1848,499,1,17,3,10,3
1849,668,7,24,1,5,1
1850,477,2,10,1,1,0
1851,769,8,15,1,9,1
1852,400,6,16,3,3,0
1853,172,6,12,3,2,2
1854,820,7,18,0,7,0
1855,554,5,12,4,5,1
1856,487,6,17,0,2,0
1857,33,8,9,2,1,0
1858,638,8,15,1,1,3
1859,711,6,19,5,10,1
1861,644,6,27,5,7,2
1862,345,10,10,2,9,1
1863,687,8,17,2,1,3
1864,300,8,17,5,1,0
1865,375,10,15,2,7,1
1866,475,5,20,2,8,0
1867,240,8,17,0,0,2
1868,344,8,13,2,8,1
1869,499,4,19,4,3,3
1871,321,3,14,4,10,0
1872,62,13,13,1,2,1
1874,1075,7,9,2,9,1
1875,658,4,18,0,6,1
1876,644,6,16,2,6,2
1877,544,9,15,2,9,0
1878,937,6,12,5,6,0
1879,514,4,13,0,1,2
1880,462,4,14,1,5,2
1881,338,11,19,3,5,3
1882,477,5,12,4,1,1
1883,775,6,13,2,4,1
1884,0,9,11,3,3,1
1885,356,8,14,0,1,2
1886,335,7,16,2,4,1
1888,668,9,16,2,4,2
1889,623,8,16,5,6,0
1890,359,6,13,3,9,1
1892,783,3,14,1,4,3
1893,300,3,20,3,7,3
1894,671,3,16,0,5,1
1896,462,9,16,3,8,2
1897,355,6,11,4,8,3
1898,458,5,15,4,2,3
1899,160,5,14,5,2,1
1900,542,3,12,4,1,2
1901,635,8,20,1,7,2
1902,503,10,12,4,8,3
1905,812,12,12,0,3,0
1906,206,7,17,4,2,1
1907,325,6,12,1,2,1
1908,506,3,16,5,2,3
1909,338,8,16,1,5,1
1910,414,11,11,5,5,1
1911,58,10,22,3,5,3
1912,474,11,17,0,4,3
1913,477,10,22,5,5,3
1914,493,6,14,0,3,3
1915,355,9,14,3,7,2
1916,695,8,19,0,2,2
1918,633,5,14,0,0,1
1920,197,8,11,5,1,3
1921,663,5,19,2,0,0
1922,385,2,15,4,1,0
1923,546,5,10,4,6,1
1925,340,4,15,0,2,2
1926,375,3,14,1,9,0
1927,488,4,11,3,3,3
1928,914,10,13,1,0,3
1929,464,8,18,3,4,0
1930,334,3,11,3,6,3
1931,150,8,15,2,3,3
1933,217,7,16,4,3,3
1934,592,8,9,0,0,0
1935,773,11,13,4,3,2
1936,371,10,10,4,9,1
1937,674,2,17,3,6,0
1939,700,11,11,3,2,1
1940,740,4,21,2,0,3
1941,780,10,16,4,3,3
1942,246,8,14,2,10,3
1943,475,8,17,2,7,1
1944,1129,9,16,5,9,3
1945,690,7,25,2,4,0
1946,752,7,14,5,8,2
1947,321,5,12,0,3,0
1948,300,7,7,5,6,0
1950,472,13,18,0,10,1
1951,534,7,15,0,8,3
1953,327,10,18,5,1,1
1954,475,5,11,0,8,0
1955,805,4,16,0,9,2
1956,414,8,13,5,1,1
1957,1079,6,16,4,7,3
1958,683,11,11,5,6,3
1959,512,2,8,2,2,3
1960,614,7,16,0,6,0
1961,548,8,15,5,3,0
1963,621,4,13,3,6,2
1964,466,10,20,1,0,2
1965,35,7,14,2,0,1
1966,490,5,18,4,0,2
1968,557,7,18,4,7,1
1969,543,8,22,0,1,2
1970,712,5,9,4,10,0
1971,338,5,19,2,8,2
1972,204,3,17,3,2,2
1974,200,8,17,4,5,2
1975,404,8,10,0,7,0
1976,215,7,13,4,8,3
1977,615,8,27,1,8,2
1978,812,4,16,4,8,3
1979,216,9,16,0,3,2
1980,353,5,8,4,8,1
1981,507,11,20,3,10,3
1983,328,7,13,1,10,2
1984,66,10,16,4,10,0
1985,171,6,17,0,0,0
1986,300,1,14,5,0,2
1987,125,6,19,5,4,0
1989,181,11,13,2,9,0
1990,856,7,16,3,2,0
1991,524,3,14,4,6,0
1993,374,6,10,3,4,0
1994,407,4,18,3,5,1
1996,190,8,19,2,8,0
1997,300,4,13,0,1,1
1998,924,4,8,2,6,1
1999,237,8,18,2,0,2
2000,354,9,15,0,4,2
2001,13,9,12,1,0,2
2002,254,10,13,2,4,3
2003,577,3,11,2,2,2
2004,638,8,14,1,2,3
2006,11,13,14,2,10,2
2007,558,10,14,5,2,0
2009,750,5,9,4,2,0
2010,528,5,15,4,2,1
2011,313,3,14,1,3,1
2012,560,7,16,3,9,2
2013,624,8,12,1,7,1
2015,661,5,14,2,2,1
2016,395,9,13,2,4,0
2017,164,10,11,2,5,0
2019,664,2,17,0,9,1
2020,483,6,17,3,5,2
2021,1138,5,16,3,3,3
2022,308,10,13,3,4,0
2023,604,11,11,1,6,0
2024,450,4,18,4,8,3
2025,68,6,12,4,10,1
2026,663,7,19,0,3,1
2027,473,7,12,0,9,3
2029,380,6,9,5,5,2
2030,555,8,14,4,5,1
2031,210,7,14,5,7,1
2032,338,7,17,1,3,1
2033,454,9,15,5,7,1
2035,202,9,16,2,0,0
2036,390,6,18,5,4,3
2037,24,7,16,2,2,0
2038,217,0,18,1,5,2
2039,223,5,16,2,7,0
2041,723,9,9,2,1,1
2043,754,13,20,4,8,1
2044,612,7,18,5,7,0
2045,578,10,14,1,1,0
2046,165,6,18,3,10,1
2047,520,8,12,5,10,0
2048,363,9,13,3,2,0
2049,790,4,11,0,1,0
2050,197,7,13,2,10,3
2051,271,10,14,2,7,0
2052,346,5,15,2,10,1
2053,423,6,8,3,7,1
2054,832,10,15,2,4,3
2055,539,6,12,0,9,0
2056,210,6,8,1,2,0
2057,669,3,14,0,8,0
2058,717,7,9,2,4,0
2059,912,7,14,0,10,0
2060,582,11,19,2,4,1
2061,600,4,17,5,6,0
2063,534,6,15,2,0,2
2064,437,5,17,1,5,1
2065,446,7,10,4,9,2
2066,225,9,13,4,5,3
2067,450,8,15,4,8,0
2068,94,9,23,1,3,0
2069,848,7,7,4,6,1
2070,507,9,15,2,0,2
2071,368,3,18,0,8,1
2072,644,8,13,0,10,1
2073,527,10,19,1,3,1
2074,513,6,14,0,4,3
2075,371,8,16,2,7,1
2076,0,5,16,5,2,0
2077,498,4,13,3,4,0
2079,1026,6,14,2,2,1
2080,476,8,9,2,5,0
2082,796,7,13,0,7,1
2083,300,11,14,1,2,0
2084,633,9,18,4,10,3
2085,72,5,10,1,9,2
2086,106,9,13,2,8,3
2087,517,7,9,3,3,1
2089,265,7,10,4,2,3
2090,185,1,16,4,1,2
2091,184,5,11,5,9,0
2092,9,10,19,1,10,2
2093,215,4,18,5,0,0
2094,67,11,12,2,8,1
2095,538,5,16,0,3,1
2096,498,5,19,0,10,3
2098,398,10,22,2,10,1
2100,369,14,14,3,10,2
2101,639,13,13,4,9,3
2102,676,2,14,1,9,3
2103,469,4,9,4,6,0
2104,403,7,16,4,2,2
2105,791,5,7,1,5,2
2107,557,9,18,2,2,1
2108,365,4,18,4,8,2
2109,344,8,13,4,9,2
2110,159,7,15,0,8,3
2111,300,8,13,1,3,3
2112,901,10,14,5,10,2
2113,803,11,12,5,0,1
2114,515,6,17,0,5,3
2115,929,6,10,1,8,2
2116,887,5,14,0,6,2
2117,485,4,23,1,2,3
2118,538,9,10,4,4,1
2120,45,6,12,3,1,2
2121,906,7,17,2,3,3
2122,997,12,12,4,4,1
2123,376,5,15,2,9,2
2124,203,6,17,2,6,1
2126,228,3,17,2,0,0
2128,617,5,11,4,0,3
2129,687,15,15,0,5,0
2130,17,6,16,4,10,0
2131,461,7,7,2,8,2
2132,303,6,12,4,3,2
2133,1097,6,13,0,3,0
2135,647,9,14,5,6,2
2137,482,7,13,3,2,0
2138,345,4,15,1,0,1
2139,315,6,22,5,8,2
2142,207,8,12,0,0,1
2144,501,10,20,5,1,3
2146,427,3,18,1,7,1
2147,345,11,18,5,7,0
2148,344,4,15,0,5,0
2149,327,7,10,5,1,0
2150,193,5,19,4,6,3
